author	bookid	bpoids	genres	htrcids	subjects	title	is_fic	pubdate
Lamb Charles	B5046	{4965633, 8683175}	{'Juvenile audience', 'ContainsBiogMaterial', 'Adaptations'}	{'uva.x030825975'}	{'Comedies', 'Adaptations', '1564-1616', 'English literature', 'Juvenile literature', '(OCoLC)fst00029048', 'Shakespeare, William', 'Stories, plots, etc'}	Tales from Shakespeare		1834
Maharani of Cooch Behar Sunity Devee	B6058	{3206650}	{'Autobiography'}	{'mdp.39015005121184'}		The autobiography of an Indian		1921
Grant Elizabeth	B3378	{8868540, 6657197}	{'Autobiography'}	{'mdp.39015026477516'}		Memoirs of a Highland lady the		1885
Rook Clarence	B7021	{3164970}		{'uc1.$b269202'}	{'London', 'Gangs', 'Biography', 'England', 'Hoodlums', 'IsBiographical'}	The Hooligan nights		1899
Conrad Joseph	B1342	{9423732}	"{'Bookplates (Provenance)', 'Bibliographies', 'ContainsBiogMaterial', ""Publishers' advertisements""}"	{'inu.32000006722369'}	{'Revolutions', 'Sailors'}	Nostromo  a tale of the seaboa		1904
Malet Lucas	B5277	{8880211, 6788507}	{'Novel', 'ContainsBiogMaterial'}	{'mdp.39015026502941'}		The history of Sir Richard Calmady a romance		1901
Radcliffe Ann Ward	B7214	{4693237}	{'ContainsBiogMaterial'}	{'mdp.39015028095787'}		Gaston de Blondeville or The c		1823
Thackeray William Makepeace	B8309	{8963303}	{'ContainsBiogMaterial'}	{'uva.x030581206'}		The Wolves and the la		1863
Lytton Edward Bulwer Lytton Baron	B5097	{8993792, 2867530, 4341412, 4987878}	{'Bibliographies', 'History', 'ContainsBiogMaterial'}	{'uc2.ark+=13960=t4zg6k62c'}		The last of the barons		1843
Holmes Oliver Wendell	B4172	{6717360}	{'ContainsBiogMaterial'}	{'uc2.ark+=13960=t1mg7g308'}		A mortal antipathy		1885
LamotheLangon EtienneLéon baron de	B4931	{6793468}		{'uc2.ark+=13960=t0ks6n05j'}	{'comtesse', 'Du Barry, Jeanne B????cu', '1743-1793', 'IsBiographical'}	Memoirs of the Comtesse du Barry		1903
Brandt Johanna	B898	{3193619}		{'uc2.ark+=13960=t3bz64q16'}	{'South African War, 1899-1902', 'Women', 'Biography', 'Personal narratives', 'IsBiographical', 'South Africa'}	The Petticoat commando		1913
Carpenter Kate E Rushmore	B1952	{3186313}	{'Biography', 'Juvenile audience'}	{'nyp.33433071386639'}		The story of Joan of Arc for b		1902
White William Hale	B8904	{8593216, 4692871, 3166820, 6837047}	{'Autobiography'}	{'uc2.ark+=13960=t01z4dx7q'}		The autobiography of Mark Ruth		1889
Schreiner Olive	B7675	{3170211}	{'Biography'}	{'uc2.ark+=13960=t3jw88x1g'}		Trooper Peter Halket of Mashonaland		1897
Holmes Oliver Wendell	B4101	{8648846, 8699414}	{'ContainsBiogMaterial'}	{'uc1.$b809249'}		The professor at the breakfast		1860
Sichel Edith Helen	B7698	{6848974}		{'uc2.ark+=13960=t5bc45m16'}	{'Reformation', 'France', 'Catherine de M????dicis', 'Queen, consort of Henry II, King of France', 'Wars of the Huguenots, 1562-1598', 'IsBiographical', 'History', '1519-1589'}	The later years of Catherine de Medici		1908
Patterson J E John Edward	B6624	{6849770}	{'Autobiography'}	{'uc1.b3327523'}	{'Patterson, J. E', '(John Edward)', '1866-1919'}	My vagabondage  being the intimate autobiography of a natures nomad		1911
Banks Elizabeth L	B899	{4089393}		{'uc2.ark+=13960=t3cz3331w'}	{'Biography', 'Women journalists', 'United States', 'IsBiographical', 'Banks, Elizabeth L'}	The autobiography of a newspaper girl		1902
Hassell Susan Whitcomb	B3912	{9451664}		{'uc2.ark+=13960=t54f1pz7g'}	{'Hassell, Susan Whitcomb', 'Home', 'IsBiographical'}	The old home		1911
Dickens Charles	B2498	{8999401, 8437741}	{'Dictionary', 'Bibliographies', 'Indexes', 'ContainsBiogMaterial'}	{'nyp.33433067293542', 'nyp.33433074954136', 'nyp.33433074954193', 'uva.x000179358', 'iau.31858009605241'}		The life and adventures of Mar		1838
Kock Paul de	B4523	{8898507}	{'Autobiography'}	{'njp.32101067523504'}		The schemers		1871
Gaskell Elizabeth Cleghorn	B3264	{3279216}	{'ContainsBiogMaterial'}	{'wu.89001279686', 'uc2.ark+=13960=t4sj1k525'}		Cousin Phillis		1865
Thackeray William Makepeace	B8252	{4981582}	{'Autobiography', 'ContainsBiogMaterial', 'Bibliographies'}	{'mdp.39015063760709'}		The history of Henry Esmond es		1852
Lefroy Edward Cracroft	B4742	{3183581}	{'Biography'}	{'mdp.39015059429921'}	{'Lefroy, Edward Cracroft', '1855-1891'}	Edward Cracroft Lefroy his life and poems including a reprint of Echoes from Theocritus		1891
Dickens Charles	B2381	{9438853, 4990166}	{'Legal stories', 'Bildungsromans', 'Domestic fiction', 'Bibliographies', 'ContainsBiogMaterial', 'Didactic fiction'}	{'uiuo.ark+=13960=t19k51v83', 'uiuo.ark+=13960=t9t15qw1s', 'uiuo.ark+=13960=t3tt5bm1x', 'uiuo.ark+=13960=t2c830k3q'}	{'Social problems', 'London (England)', 'Dickens, Charles', 'Young women', '1812-1870', 'Guardian and ward', 'Inheritance and succession', 'Illegitimate children'}	Bleak house		1852
Sterne Laurence	B7954	{6244581}	{'Biography', 'Autobiography', 'ContainsBiogMaterial'}	{'njp.32101068604006', 'nyp.33433074911284', 'pst.000030490703', 'nyp.33433074911276'}		A sentimental journey through 		1768
Tinayre Marcelle	B8056	{6763363}	{'Autobiography'}	{'mdp.39015066646293'}		Madeleine at her mirror a woma		1913
DeMorgan William Frend	B2517	{9298446}	{'Autobiography'}	{'nyp.33433074959846', 'njp.32101068177797'}		Joseph Vance  an illwritten au		1906
baron de LamotheLangon EtienneLéon	B9098	{6793468}	{'ContainsBiogMaterial'}	{'nyp.33433082352042', 'nyp.33433082352059', 'nyp.33433082352067', 'nyp.33433082352075'}		Memoirs of Madame Du Barri		1830
Griffin Gerald	B3208	{8846146}	{'ContainsBiogMaterial'}	{'uc1.b3322566', 'uc1.b3322565', 'uc1.b3322564'}	{'1649-1685', 'Monmouth, James Scott', 'Duke of'}	The Duke of Monmouth		1836
Lawrence D H David Herbert	B4957	{8942801, 2436302, 6831927}	{'Bibliographies', 'ContainsBiogMaterial'}	{'uc2.ark+=13960=t4hm5k49t'}		The white peacock		1911
of Cheltenham Roberts E P	B9117	{3180342}	{'Biography'}	{'mdp.39015028745787'}	{'1580-1631', 'Smith, John'}	The adventures of Captain John Smith captain of two hundred and fifty horse and sometime president of Virginia		1902
Burns Robert	B787	{5805795, 5838228, 4704411}	{'ContainsBiogMaterial'}	{'uc1.b3290752'}		The works of Robert Burns 		1796
Defoe Daniel	B2429	{4361789}	{'Juvenile literature', 'Inscriptions (Provenance)', 'Bibliographies', 'ContainsBiogMaterial', 'Imaginary voyages'}	{'mdp.39015078554048'}		Defoes Robinson Crusoe		1731
Lytton Edward Bulwer Lytton Baron	B4968	{8993792, 2867530, 4341412, 4987878}	{'ContainsBiogMaterial'}	{'uc2.ark+=13960=t5w66c784', 'uc2.ark+=13960=t5s758j22', 'uc2.ark+=13960=t87h1gw05'}	{'1022?-1066', '1027 or 1028-1087', 'Edward, the Confessor, 1042-1066', 'King of England', 'Harold', 'Great Britain', 'William', 'History', '1027 or 8-1087'}	Harold the last of the Saxon kings		1848
Holmes Oliver Wendell	B3794	{8648846}	{'ContainsBiogMaterial'}	{'uc1.$b809249'}	{'American essays'}	The professor at the breakfasttable with the story of Iris		1860
Ainsworth William Harrison	B38	{8868459, 3149957}	{'ContainsBiogMaterial'}	{'nc01.ark+=13960=t0rr2r37s', 'njp.32101068163219'}		The spendthrift		1882
De Morgan William Frend	B2178	{9298446}	{'Autobiography'}	{'njp.32101068177797'}		Joseph Vance an illwritten autobiography		1906
Roy Jean	B7073	{2439865}		{'uc2.ark+=13960=t3dz04h7r'}	{'Household employees', 'Roy, Jean', 'IsBiographical'}	The fields of the fatherless		1918
Douglas Norman	B2270	{3229584}	{'ContainsBiogMaterial'}	{'uc1.$b242749'}		In the beginning		1928
baron de LamotheLangon EtienneLéon	B9099	{6793468}	{'Autobiography'}	{'mdp.39015076394561'}		Memoirs of the Comtesse Du Bar		1864
Montagu Violette M	B5236	{6847150}		{'loc.ark+=13960=t4rj54j5c'}	{'Mme', 'Friends and associates', 'Court and courtiers', 'Biography', 'France', '1789-1815', 'Napoleon', '1769-1821', 'Nobility', '1752-1822', '(Jeanne-Louise-Henriette)', 'Campan', 'Louis XVI, 1774-1793', 'IsBiographical', 'History', 'Emperor of the French'}	The celebrated Madame Campan		1914
of Cheltenham Roberts E P	B9122	{3180342}	{'Biography'}	{'mdp.39015028745787'}		The adventures of Captain John		1902
Disraeli Isaac	B2401	{4441356}	{'ContainsBiogMaterial'}	{'uva.x001189997'}	{'Litterateurs', 'Humor', 'Literature', 'History and criticism', 'English literature', 'Anecdotes', 'American literature', 'Literary curiosa', 'Anecdotes, facetiae, satire, etc', 'Authors'}	Curiosities of literature  first and second series		1835
Coryn Marjorie	B1967	{9087693}	{'Bibliographies', 'ContainsBiogMaterial'}	{'mdp.39015063547627'}		Black Mastiff		1933
Davis Richard Harding	B2280	{6878659}	{'ContainsBiogMaterial'}	{'uc2.ark+=13960=t4mk67m2j', 'nyp.33433076019474', 'uc1.$b807228'}		The man who could not lose		1911
Anderson A J Arthur James	B44	{6755117}		{'njp.32101063580144'}	{'1444 or 1445-1510', '1444 or 5-1510', 'Botticelli, Sandro', 'IsBiographical'}	The romance of Sandro Botticelli woven with his paintings		1912
Keroubec Yvonne marquise de pseud	B4658	{3218943}	{'Autobiography'}	{'mdp.39015026100399'}		The memoires of the Marquise d		1926
Vereshchagin Vasiliĭ Vasilʹevich	B8431	{8771275}	{'Biography'}	{'pst.000057675817'}		Vassili Verestchagin  painter 		1887
Bremer Fredrika	B716	{8972730, 8427227, 8473431}	{'ContainsBiogMaterial'}	{'nyp.33433075822365'}		The presidents daughters  A narrative of a governess		1843
Brown John	B1103	{8455460, 8744462}	{'ContainsBiogMaterial'}	{'mdp.39015063516309'}		Rab and his friends Marjorie F		1882
Herkomer Hubert von Sir	B4001	{3289630}	{'Autobiography'}	{'yale.39002088672598'}	{'Biography', 'Artists', '1849-1914', 'England', 'Herkomer, Hubert von'}	The Herkomers		1910
Wister Owen	B8813	{6791202, 8971835}	{'Biography', 'Western stories'}	{'uc2.ark+=13960=t7pn8z91m'}	{'American fiction'}	Lin McLean		1898
Grant Elizabeth	B3019	{8868540, 6657197}	{'Autobiography'}	{'mdp.39015026477516'}		Memoirs of a Highland lady the autobiography of Elizabeth Grant of Rothiemurchus afterwards Mrs Smith of Baltiboys 17971830		1885
Crawford F Marion Francis Marion	B1908	{6818065, 8811717, 3176246}	{'American fiction', 'ContainsBiogMaterial'}	{'uc1.b3548225'}		In the palace of the king a lo		1900
Jones Amanda Theodocia	B4238	{6854100, 3170436}	{'Autobiography'}	{'mdp.39015039530764'}	{'Women poets, American', '1835-1914', 'Women inventors', 'Spiritualists', 'Biography', 'Jones, Amanda Theodocia', 'United States', 'Spiritualism'}	A psychic autobiography		1910
Duncan Sara Jeannette	B2396	{6690974}	{'Autobiography'}	{'uva.x000176402'}		Set in authority		1906
Scott Walter Sir	B7869	{4438403, 4860868, 5213228, 9138135, 8884601, 8503357}	{'Autobiography'}	{'mdp.49015002006154', 'mdp.39076005018747', 'mdp.49015002006295', 'mdp.49015002006238', 'mdp.39076005018713', 'mdp.49015002006329', 'mdp.49015002006303', 'mdp.49015002006527', 'mdp.49015002006386', 'mdp.49015002006444', 'mdp.39076005018630', 'mdp.49015002006188', 'mdp.49015002006477', 'mdp.39076005018655', 'mdp.49015002006162', 'mdp.49015002006402', 'mdp.49015002006428', 'mdp.49015002006535', 'mdp.49015002006519', 'mdp.49015002006261', 'mdp.49015002006279', 'mdp.49015002006311', 'mdp.49015002006568', 'mdp.49015002006543', 'mdp.49015002006469', 'mdp.49015002006485', 'mdp.49015002006196', 'mdp.49015002006378', 'mdp.49015002006501', 'mdp.49015002006436', 'mdp.49015002006576', 'mdp.49015002006352', 'mdp.49015002006493', 'mdp.49015002006451', 'mdp.49015002006204', 'mdp.39076005018671', 'mdp.49015002006394', 'mdp.49015002006220', 'mdp.39076005018689', 'mdp.49015002006287', 'mdp.49015002006345', 'mdp.49015002006170', 'mdp.49015002006410', 'mdp.49015002006253', 'mdp.49015002006337', 'mdp.49015002006550', 'mdp.49015002006360', 'mdp.39076005018697', 'mdp.39076005018648'}		The works of Sir Walter Scott		1832
Thackeray William Makepeace	B8216	{5001346}	{'Bibliographies', 'ContainsBiogMaterial'}	{'uc2.ark+=13960=t9s18647f'}	{'English literature'}	The Newcomes		1863
Poe Edgar Allan	B6443	{3171337, 8510530, 6673337, 3203165, 9027307}	{'Autobiography', 'ContainsBiogMaterial', 'Bibliographies'}	{'uva.x000177885', 'mdp.39015008695937', 'mdp.39015065590245', 'mdp.39015065590351', 'uc2.ark+=13960=fk3nv99f4w', 'mdp.39015020834993', 'mdp.39015065590377', 'mdp.39015020834977', 'uc2.ark+=13960=t26970w32', 'mdp.39015065815683', 'mdp.39015065590369', 'uva.x030557394', 'pst.000021594113', 'uc2.ark+=13960=t78s4kz45', 'mdp.39015001793689', 'uc1.31158004550884', 'mdp.39015001793754', 'mdp.39015065590203', 'mdp.39015002698127', 'mdp.39015065590229', 'uc1.b3328872', 'mdp.39015065590237'}	{'Poetry', 'American literature', 'History and criticism'}	The works of Edgar Allan Poe		1849
Kipling Rudyard	B4583	{6727320}	{'Short stories', 'ContainsBiogMaterial'}	{'pst.000005312870'}	{'English fiction'}	Lifes handicap  being stories of my own people		1891
Kipling Rudyard	B4665	{6727320}	{'Short stories', 'ContainsBiogMaterial'}	{'pst.000005312870'}		Lifes handicap  being stories 		1891
Dickens Charles	B2250	{4372131, 9428028, 8485575}	{'Bibliographies', 'Satire', 'ContainsBiogMaterial', 'Love stories'}	{'uiug.30112049064725', 'nyp.33433075769178', 'uiuo.ark+=13960=t0jt0c18w', 'uiuo.ark+=13960=t8hd8j45n', 'nyp.33433074969258', 'uiuo.ark+=13960=t6nz8vw9c', 'uc1.b4102860'}	{'London (England)', 'Poor families', 'Dickens, Charles', '1812-1870', 'Deception', 'English fiction', 'Inheritance and succession', 'Social classes'}	Our mutual friend		1864
Thackeray William Makepeace	B8286	{9446050}	{'Bibliographies', 'ContainsBiogMaterial'}	{'uc2.ark+=13960=t9t15149h'}		The adventures of Philip on hi		1857
Bunyan John	B1141	{3203026, 4988323, 6800349, 4854447}	{'Weiss', 'Typefaces (Type evidence)', 'Bibliographies', 'ContainsBiogMaterial', 'Christian fiction'}	{'mdp.39015063512704'}		The pilgrims progress from thi		1688
Fraser Hugh Mrs	B2674	{8949326}	{'Biography', 'Autobiography', 'History'}	{'mdp.39015010807835', 'mdp.39015010807827'}	"{'-1922', 'Description and travel', 'Fraser, Hugh', 'Biography', 'Mrs', ""Diplomats' spouses"", 'Social life and customs', 'History'}"	A diplomatists wife in many lands		1910
Dickens Charles	B2219	{5127202, 6197790, 8683943}	{'Bibliographies', 'ContainsBiogMaterial'}	{'nyp.33433074954144'}	{'Children of prisoners', 'Browne, Hablot Knight', 'Inheritance and succession', 'Marshalsea Prison (Southwark, London, England)', 'Dickens, Charles', '1815-1882', '1812-1870', 'Fathers and daughters', 'Debt, Imprisonment for'}	Little Dorrit		1856
Eliot George	B2561	{4453136, 4922775, 6181610, 8765368, 8535943}	{'NotBiographical', 'Autobiography', 'Bibliographies'}	{'mdp.39015063920923'}	{'English literature', 'Eliot, George', '1819-1880'}	The mill on the floss		1860
Macdonald Alexander	B5641	{6691507}	{'Autobiography'}	{'uc1.b3820828'}	{'Description and travel', '1878-1939', 'Papua New Guinea', 'New Guinea', 'Macdonald, Alexander', 'Australia', 'Frontier and pioneer life'}	In the land of pearl and gold a pioneers wanderings in the backblocks and pearling grounds of Australia and New Guinea		1907
Japp Alexander H Alexander Hay	B4333	{2464013}	{'ContainsBiogMaterial'}	{'uc1.b4104160'}	{'(OCoLC)fst00030387', 'Hawthorne, Nathaniel', '1804-1864'}	Memoir of Nathaniel Hawthorne  with stories now first published in this country		1872
Radcliffe Ann Ward	B6910	{4693237}	{'ContainsBiogMaterial'}	{'mdp.39015028095787'}	{'History', 'Henry III, 1216-1272'}	Gaston de Blondeville or The court of Henry III  A romance		1823
Hardy Thomas	B3513	{8534275}	{'Bibliographies', 'ContainsBiogMaterial'}	{'mdp.39015008981394'}	{'People with visual disabilities', 'Mate selection', 'Heathlands', 'Married people', 'Mothers and sons', '19th century', 'Adultery', 'Social life and customs'}	The return of the native		1895
Dickens Charles	B2163	{8448312}	{'ContainsBiogMaterial', 'History', 'Historical fiction'}	{'mdp.49015002596832', 'uc1.b3549878'}	{'French fiction', 'Executions and executioners', 'London', 'Revolution, 1789-1799', 'Dickens, Charles', 'England', 'French', '1812-1870', 'Lookalikes', 'Fathers and daughters', 'History'}	A tale of two cities		1863
Queen of Great Britain Victoria	B6862	{6721267, 8736364}	{'ContainsBiogMaterial'}	{'uva.x000425323'}	{'Queen of Great Britain', 'Kings and rulers', '1819-1901', 'Victoria', 'Description and travel'}	More leaves from the journal of a life in the Highlands from 1862 to 1882		1884
Vereshchagin Vasiliĭ Vasilʹevich	B8377	{8771275}	{'Biography'}	{'pst.000057675817'}	{'Description and travel', 'Soviet Union', 'Biography', '1842-1904', 'Artists', 'Vereshchagin, Vasiliĭ Vasilʹevich'}	Vassili Verestchagin  painter soldier traveller autobiographical sketches		1887
Crawford F Marion Francis Marion	B1680	{6818065, 3176246}	{'American fiction', 'ContainsBiogMaterial'}	{'uc1.b3548225'}	{'(OCoLC)fst00013265', 'John', 'of Austria', '1547-1578'}	In the palace of the king a love story of old Madrid		1900
Eliot George	B2597	{8592699, 6672445}	{'NotBiographical', 'Bibliographies', 'Novel', 'Autobiography', 'Jewish fiction', 'Didactic fiction'}	{'uc1.b4105109', 'uc1.b4105110'}	{'Jews', '1819-1880', 'England', '19th century', 'Marriage', 'Upper class', 'English literature', 'Social life and customs', 'Zionists', 'Eliot, George'}	Daniel Deronda		1876
Adam Juliette	B172	{3172009, 6805141}		{'uc2.ark+=13960=t6445n076'}	{'Second Empire, 1852-1870', 'France', 'History', 'IsBiographical'}	My literary life		1904
Dickens Charles	B2443	{5214688, 6120577, 4696359, 6108776, 8928862, 2441898, 8601515, 8608717, 5810062, 6183951, 5844400, 8606037, 8733365, 5809980, 5814078, 6144191}	{'Dictionary', 'Bibliographies', 'ContainsBiogMaterial', 'Indexes'}	{'uc2.ark+=13960=t5j962x5v', 'mdp.39015005324606', 'uva.x030570270'}		The posthumous papers of The P		1837
Beck L Adams Lily Adams	B368	{2449598}	{'ContainsBiogMaterial'}	{'mdp.39015027531816'}	{'Robinson, Mary', '1758-1800'}	The exquisite Perdita		1926
Austen Jane	B78	{6154538, 8691846}	{'Autobiography', 'Bibliographies'}	{'nyp.33433074920517'}	{'1775-1817', 'Austen, Jane', '19th century', 'Sisters', 'Correspondence', 'Young women', 'English literature', 'English fiction', 'Social life and customs'}	Sense and sensibility  a novel		1817
Kraszewski Józef Ignacy	B4498	{9226586}	{'Biography'}	{'mdp.39015028359217'}	{'Augustus', 'Gräfin von', '1670-1733', 'King of Poland', 'II', 'Cosel, Anna Konstanze', '1680-1765'}	The Countess Cosel a romance of history of the times of Augustus the Strong		1887
Japp Alexander H Alexander Hay	B4422	{2464013}	{'ContainsBiogMaterial'}	{'uc1.b4104160'}		Memoir of Nathaniel Hawthorne 		1872
Holmes Oliver Wendell	B3772	{6717705}	{'ContainsBiogMaterial'}	{'uc1.$b156079', 'uva.x001850702'}		Over the teacups		1891
Lytton Edward Bulwer Lytton Baron	B4873	{4994321, 5812475, 8784363}	{'ContainsBiogMaterial'}	{'nyp.33433076096514'}	{'Rienzo, Cola di', 'd.1354', 'd. 1354'}	Rienzi the last of the tribune		1842
Holmes Oliver Wendell	B3891	{8648846, 8699414}	{'Bibliographies', 'ContainsBiogMaterial'}	{'uc2.ark+=13960=t3fx76b50'}	{'American essays'}	The poet at the breakfasttable		1872
Disraeli Isaac	B2500	{4441356}	{'ContainsBiogMaterial'}	{'uva.x001189997'}		Curiosities of literature  fir		1835
Nichols Mary Sargeant Gove	B6106	{8625569}	{'ContainsBiogMaterial'}	{'nyp.33433068179161'}	{'American fiction'}	Mary Lyndon  or Revelations of a life An autobiography		1855
Hapgood Hutchins	B3841	{3270669, 9413822}		{'uc2.ark+=13960=t03x8624c'}	{'Thieves', 'IsBiographical'}	The autobiography of a thief		1903
Sturgis Howard Overing	B7612	{3145608}		{'uc1.b3550807'}	{'Biography', 'Women comedians', 'Correspondence, reminiscences, etc', 'Crofts, Sibyl'}	All that was possible being the record of a summer in the life of Mrs Sibyl Crofts comedian		1895
Warner Charles Dudley	B8754	{8527753}	{'Juvenile works', 'ContainsBiogMaterial'}	{'uc2.ark+=13960=t12n4zw00'}	{'1829-1900', 'Readers', 'Boys', 'Juvenile fiction', 'Warner, Charles Dudley', 'Families', 'Agriculture'}	Being a boy		1877
Bremer Fredrika	B1156	{8972730, 8427227, 8473431}	{'ContainsBiogMaterial'}	{'nyp.33433075822365'}		The presidents daughters  A na		1843
Gaskell Elizabeth Cleghorn	B3331	{4416811}	{'Bibliographies', 'ContainsBiogMaterial'}	{'uiuo.ark+=13960=t9z03hc07'}		Mary Barton		1848
Eliot George	B2562	{9027810, 6653685}	{'Autobiography'}	{'mdp.39015065767876'}	{'Eliot, George', '1819-1880'}	The legend of Jubal and other poems		1878
Kock Paul de	B4524	{9430845}	{'Autobiography'}	{'njp.32101067523645'}		The white house		1871
Stowe Harriet Beecher	B7819	{8643129, 6167269}	"{'Boston', ""Publishers' cloth bindings (Binding)"", 'Bibliographies', 'ContainsBiogMaterial', 'Massachusetts', 'New York', 'New York (State)'}"	{'umn.31951002376034n'}		The ministers wooing		1831
Necker de Saussure Albertine Adrienne	B6186	{5067427}	{'ContainsBiogMaterial'}	{'wu.89007798713'}	{'Staël', '1766-1817', 'Madame de', '(Anne-Louise-Germaine)'}	Sketch of the life character and writings of Baroness de StaëlHolstein		1820
Maharani of Cooch Behar Sunity Devee	B5247	{3206650}	{'Autobiography'}	{'mdp.39015005121184'}	{'Social life and customs'}	The autobiography of an Indian princess		1921
Hays Mary	B3492	{3897026}		{'hvd.rslysq'}	{'Biography', 'Women'}	Female biography or memoirs of illustrious and celebrated women of all ages and countries		1803
Dickens Charles	B2097	{3203888}	{'Autobiographical fiction', 'Bildungsromane', 'ContainsBiogMaterial'}	{'njp.32101058459064', 'inu.32000002986299'}	{'Orphans', 'London', 'Young men', 'Dickens, Charles', 'England', 'Boys', 'Child labor', '19th century', '1812-1870', 'Stepfathers', 'Social life and customs'}	David Copperfield		1855
Racovița Elena von Dönniges	B7247	{8940843, 2440875}	{'Autobiography'}	{'mdp.39015026478720'}		Princess Helene von Racowitza 		1910
Lefroy Edward Cracroft	B5079	{3183581}	{'Biography'}	{'mdp.39015059429921'}		Edward Cracroft Lefroy his lif		1891
Kurlbaum Margarete Siebert	B4499	{3226784}	{'Biography'}	{'mdp.39015030101946'}	{'Queen of Scots', '1542-1587', 'Mary'}	Mary queen of Scots		1927
Kraszewski Józef Ignacy	B4680	{9226586}	{'Biography'}	{'mdp.39015028359217'}		The Countess Cosel a romance o		1887
Garland Hamlin	B3172	{3219056}	{'Autobiography'}	{'nyp.33433082405808'}	{'Northeastern States', 'Frontier and pioneer life', 'Northwestern States'}	A son of the middle border		1917
Holmes Oliver Wendell	B3831	{4362019, 8780227}	{'ContainsBiogMaterial'}	{'uc1.b4103181'}		The guardian angel		1867
Rawnsley Willingham Franklin	B6921	{6827082}	{'Biography'}	{'mdp.39015063534989'}	{'Uppingham School', '1821-1887', 'Thring, Edward'}	Early days at Uppingham under Edward Thring		1904
Dressler Friedrich August	B2106	{6790764}	{'Biography'}	{'mdp.39015013157121'}	{'1800-1891', 'Moltke, Helmuth', 'Graf von'}	Moltke in his home		1907
Keroubec Yvonne marquise de pseud	B4497	{3218943}	{'Autobiography'}	{'mdp.39015026100399'}	{'Revolution, 1789-1799', 'History'}	The memoires of the Marquise de Keroubec 17851858 being extracts from her diaries now presented to English readers for the first time		1926
Eliot George	B2546	{8774297, 3211357, 8943685}	{'NotBiographical', 'Autobiography'}	{'mdp.39015066061949', 'mdp.39015002990524', 'uc2.ark+=13960=t6ww7b262', 'mdp.39015013132595', 'uc1.b3550155', 'njp.32101064789397', 'njp.32101064789413', 'uc2.ark+=13960=t86h4gz3b', 'uc2.ark+=13960=t7cr5rh4c', 'uc1.b3550156', 'uc2.ark+=13960=t2r49rm23', 'njp.32101064789454', 'uc2.ark+=13960=t44q7tq9q', 'uc2.ark+=13960=t1wd40779', 'mdp.39015066325336', 'uc2.ark+=13960=t5p846v48', 'mdp.39015013399814', 'mdp.39015061285808', 'uc2.ark+=13960=t22b94q0w', 'mdp.39015066325617', 'mdp.39015066325328', 'mdp.39015051880568', 'mdp.39015066057442', 'uc2.ark+=13960=t75t3k50z', 'uc2.ark+=13960=t7dr2zw3g', 'uc2.ark+=13960=t3vt1s08d', 'uc2.ark+=13960=t22b8z654', 'mdp.39015065768106', 'njp.32101045661939', 'uc2.ark+=13960=t8jd4sw4q', 'mdp.39015008631247', 'uc1.b3550152', 'njp.32101064789751', 'mdp.39015051880576', 'mdp.39015066015127', 'uc1.b3550158', 'uc1.b3550157', 'uc2.ark+=13960=t80k29k99', 'njp.32101064789439', 'mdp.39015011602052', 'uc1.b3550153', 'uc2.ark+=13960=t3rv0pd2p', 'uc2.ark+=13960=t0cv4mx1c', 'uc2.ark+=13960=t3222v42s', 'njp.32101064789421', 'uc2.ark+=13960=t1gh9f10t', 'mdp.39015002267402', 'uc2.ark+=13960=t9086cz88', 'uc2.ark+=13960=t3hx1g341', 'mdp.39015066325484', 'uc2.ark+=13960=t4nk3gj55', 'uc2.ark+=13960=t6930zf34', 'uc2.ark+=13960=t4gm84m3n', 'uc2.ark+=13960=t3611547f', 'mdp.39015011602045', 'njp.32101064789405', 'uc2.ark+=13960=t2v40v72x', 'uc1.b3550154', 'uc2.ark+=13960=t3fx7d89h'}	{'Eliot, George', '1819-1880'}	The works of George Eliot		1878
Ognev N Nikolaĭ	B6390	{3217195}	{'ContainsBiogMaterial'}	{'mdp.39015011353847'}		The diary of a communist under		1929
Skirving Robert Scot	B7659	{6748064, 9416478}		{'uc2.ark+=13960=t28914m9c'}	{'Travel', 'Description and travel', '1859-1956', 'Pacific Ocean', 'Skirving, Robert Scot', 'IsBiographical'}	Love and longitude		1901
Reade Charles	B6938	{9415989}	{'Novel', 'ContainsBiogMaterial'}	{'mdp.39015066062137'}	{'d. 1760', 'Woffington, Margaret', '1720-1760'}	Peg Woffington A novel		1855
Necker de Saussure Albertine Adrienne	B6219	{5067427}	{'ContainsBiogMaterial'}	{'wu.89007798713'}		Sketch of the life character a		1820
Housman Laurence	B3714	{6681651}	{'Biography', 'Novel'}	{'nyp.33433074872072'}	{'English fiction'}	Sabrina Warham  the story of h		1904
Malet Lucas	B5881	{8880211, 6788507}	{'Novel', 'ContainsBiogMaterial'}	{'mdp.39015026502941'}		The history of Sir Richard Cal		1901
Eliot George	B2566	{6687957}	{'NotBiographical', 'Autobiography'}	{'njp.32101064789728', 'njp.32101064789710', 'mdp.39015065767884'}		Impressions of Theophrastis Su		1878
Erauso Catalina de	B2551	{6823691}	{'Autobiography', 'Drama'}	{'mdp.39015031332508'}	{'Erauso, Catalina de', 'b. ca. 1592', 'Drama'}	The nun ensign		1908
Stevenson Robert Louis	B7439	{3249834, 6756540}	{'ContainsBiogMaterial'}	{'nnc1.1002389673'}		The wrecker		1891
Dickens Charles	B2103	{5214688, 6120577, 4696359, 6108776, 8928862, 2441898, 8601515, 8608717, 5810062, 6183951, 5844400, 8606037, 8733365, 5809980, 5814078, 6144191}	{'Dictionary', 'Bibliographies', 'ContainsBiogMaterial', 'Indexes'}	{'uc2.ark+=13960=t5j962x5v', 'mdp.39015005324606', 'uva.x030570270'}	{'Societies and clubs', 'Facsimiles', 'Dickens, Charles', 'England', '19th century', '1812-1870', 'English fiction', 'Social life and customs', 'Men', 'Manuscripts'}	The posthumous papers of The Pickwick Club		1837
Thackeray William Makepeace	B8042	{4981582}	{'Autobiography', 'ContainsBiogMaterial', 'Bibliographies'}	{'mdp.39015063760709'}	{'Anne, 1702-1714', '1811-1863', 'Dictionaries, indexes, etc', 'Thackeray, William Makepeace', 'English literature', 'Great Britain', 'History'}	The history of Henry Esmond esq  colonel in the service of Her Majesty Q Anne written by himself		1852
Macdonald Alexander	B5928	{6691507}	{'Autobiography'}	{'uc1.b3820828'}		In the land of pearl and gold 		1907
Dickens Charles	B2220	{8999401, 8437741}	{'Bibliographies', 'ContainsBiogMaterial'}	{'nyp.33433074954193'}		The life and adventures of Nicholas Nickleby		1839
Stillman William James	B7590	{3230878}	{'Autobiography'}	{'uc1.32106019584199'}	{'Biography', 'Stillman, William James', 'Journalists', '1828-1901'}	The autobiography of a journalist		1901
Crawford F Marion Francis Marion	B1363	{3173707, 8932975}	{'ContainsBiogMaterial'}	{'mdp.39015013785160'}	{'1639-1682', 'Stradella, Alessandro'}	Stradella		1909
Hubbard Elbert	B4134	{6643455}	{'Biography'}	{'wu.89008152845', 'mdp.39015059420334', 'mdp.39015033437537', 'uiuo.ark+=13960=t7pn91k1d', 'mdp.39015070464147', 'uc2.ark+=13960=t10p15p7r'}		Little journeys to the homes o		1890
Synge J M John Millington	B7450	{6711828}		{'nyp.33433067297477'}	{'Travel', 'Description and travel', '(John Millington)', 'Aran Islands (Ireland)', '1871-1909', 'Ireland', 'Synge, J. M', 'IsBiographical', 'Aran Islands'}	The Aran Islands		1909
Gosse Edmund	B3468	{6815004}	{'Biography'}	{'nyp.33433082421565'}		Father and son  a study of two		1907
Stockton Frank Richard	B7863	{3213591}	{'Bibliographies', 'ContainsBiogMaterial'}	{'uc2.ark+=13960=t1sf2n136'}		The hundredth man		1886
Marryat Frederick	B5218	{4695032, 6144746}	{'Bibliographies', 'ContainsBiogMaterial'}	{'hvd.hwkpy9'}	{'Young men', '19th century', 'Midshipmen', 'Napoleonic Wars, 1800-1815', 'History, Naval', 'English fiction'}	Mr Midshipman Easy		1836
Davies W H William Henry	B2173	{3166820, 6837047}	{'Autobiography'}	{'njp.32101068150349'}	{'1871-1940', 'Biography', '20th century', 'Davies, W. H', 'Poets, English', 'Tramps', 'IsBiographical', '(William Henry)'}	The autobiography of a supertramp		1908
Carpenter Kate E Rushmore	B1476	{3186313}	{'Biography', 'Juvenile audience'}	{'nyp.33433071386639'}	{'Joan', '1412-1431', 'of Arc, Saint'}	The story of Joan of Arc for boys and girls as Aunt Kate told it		1902
Cellini Benvenuto	B1455	{3159655}	{'Autobiography', 'Biographies', 'Bibliographies'}	{'njp.32101067687242'}	{'Biography', 'Cellini, Benvenuto', '1500-1571', 'Sculptors', 'Italy'}	The life of Benvenuto Cellini		1571
Brown John	B893	{8455460, 8744462}		{'uc2.ark+=13960=t37081f1j'}	{'Scottish authors', 'Biography', 'Legends and stories', 'Anecdotes', 'Dogs', 'English fiction'}	Rab and his friends		1864
Queen of Great Britain Victoria	B6865	{6721267, 8736364}	{'ContainsBiogMaterial'}	{'uva.x000425323'}		More leaves from the journal o		1884
Gosse Edmund	B3175	{6815004}	{'Biography'}	{'nyp.33433082421565'}	{'1849-1928', '1810-1888', 'Gosse, Edmund', 'Gosse, Philip Henry'}	Father and son  a study of two temperaments		1907
McCarthy Justin H  Justin Huntly	B5310	{6772962, 8877946}	{'ContainsBiogMaterial'}	{'mdp.39015063933181'}	{'In literature', 'Louis XI, 1461-1483', 'b. 1431', 'Villon, François', 'Villon, François', 'History'}	If I were king		1901
Gaskell Elizabeth Cleghorn	B3323	{9461784, 8470921, 4361330, 4842116, 8528390}	{'Bibliographies', 'ContainsBiogMaterial'}	{'uiuo.ark+=13960=t43r17n3n', 'uiuo.ark+=13960=t8jd57r2q', 'uiuo.ark+=13960=t6057xr4s'}	{'823G21S1863'}	Sylvias lovers		1863
Hardy Thomas	B4035	{8621966}	{'Bibliographies', 'ContainsBiogMaterial'}	{'mdp.39015005277788', 'inu.39000003137598', 'mdp.39015005277861'}		The Hand of Ethelberta  a come		1876
Thackeray William Makepeace	B8218	{9446050}	{'Bibliographies', 'ContainsBiogMaterial'}	{'uc2.ark+=13960=t9t15149h'}	{'Hayes, Catharine (Hall)', 'Dictionaries, indexes, etc', 'Thackeray, William Makepeace', 'English literature', '1690-1726', '1811-1863'}	The adventures of Philip on his way through the world		1857
Racowitza Helene von	B7067	{8940843, 2440875}		{'uc2.ark+=13960=t2v40x26f'}	{'Biography', 'Women', 'Germany', 'IsBiographical', 'Princesses'}	Princess Helene von Racowitza		1910
Manning Anne	B5454	{4455540}	{'ContainsBiogMaterial'}	{'mdp.39015013269298', 'nyp.33433074895347'}	{'1478-1535', 'More, Thomas', 'Sir, Saint', '1505-1544', 'Saint', 'Roper, Margaret'}	The household of Sir Thomas More		1852
Brontë Anne	B630	{4618505, 4991985, 4337431}	{'Bibliographies', 'ContainsBiogMaterial', 'Domestic fiction'}	{'nyp.33433074930037', 'uc2.ark+=13960=t24b2zg71'}	{'Married women', 'England', '19th century', 'Social life and customs', 'Alcoholics', 'English fiction', 'Landlord and tenant', 'Alcoholism'}	The tenant of Wildfell Hall		1848
Patterson J H John Henry	B6692	{6833543}	{'Autobiography'}	{'uc2.ark+=13960=t83j3cg3v'}	{'Description and travel', 'Africa, East', 'Uganda Railway', 'Hunting'}	The maneaters of Tsavo and other East African adventures		1907
Patterson J H John Henry	B6803	{6833543}	{'Autobiography'}	{'uc2.ark+=13960=t83j3cg3v'}		The maneaters of Tsavo and oth		1907
Pawlowska Yoï	B6689	{6851896, 2438570}	{'Autobiography'}	{'uc2.ark+=13960=t7rn32t76'}	{'Description and travel', 'Europe', 'Pawlowska, Yoï'}	A year of strangers		1911
Lamb Charles	B5147	{4965633, 8683175}	{'ContainsBiogMaterial'}	{'njp.32101073308411'}		Tales from Shakespeare  by Cha		1834
Yeats W B William Butler	B9054	{6734679}	{'Autobiography'}	{'wu.89000572610'}		The Celtic twilight Stories of		1908
Fielding Henry	B2688	{8719283}	{'ContainsBiogMaterial'}	{'mdp.49015002245679', 'mdp.49015002245919', 'mdp.39015003342105', 'mdp.49015001283663', 'mdp.49015002245471', 'uva.x030576608', 'njp.32101041261163', 'njp.32101063690372', 'mdp.39015048874310', 'uva.x030576611', 'uva.x000680647', 'miun.abr7400.0004.001', 'njp.32101068598109', 'nyp.33433076093933', 'njp.32101063690380', 'uc1.b3546630', 'nyp.33433082225347', 'uc2.ark+=13960=t71v5f44n', 'uc2.ark+=13960=t6xw4bf84', 'uc2.ark+=13960=t9g44sg28', 'uva.x030576610', 'nyp.33433076093958', 'uva.x030576612', 'mdp.49015002026806', 'mdp.39015003342188', 'uva.x001327701', 'hvd.hn6en4', 'mdp.39015041847503', 'mdp.49015002026814', 'hvd.hn6ens', 'uc2.ark+=13960=t7rn32w54', 'mdp.49015002245794', 'uc2.ark+=13960=t5h996x5b', 'mdp.39015003341792', 'mdp.39015003342238', 'njp.32101068598091', 'hvd.hn6enr', 'uva.x030576607', 'njp.32101063690398', 'uc2.ark+=13960=t9m32r37g', 'mdp.39015003342212', 'hvd.hn6ent', 'mdp.39015063994712', 'uc2.ark+=13960=t10p12g2d', 'mdp.39015066051890', 'mdp.39015066186175', 'njp.32101063690364', 'uva.x030576609', 'uc2.ark+=13960=t3hx1846z', 'mdp.39015052092932', 'uc2.ark+=13960=t2k64d45c', 'nyp.33433082225131', 'nyp.33433076093941', 'mdp.49015002026798', 'nyp.33433076093966', 'mdp.49015002245489', 'mdp.39015003342204', 'mdp.49015002245497', 'njp.32101068598117', 'mdp.39015003342147', 'mdp.49015002026822', 'uc2.ark+=13960=t8cf9mz66'}		The works of Henry Fielding wi		1754
contessa Zanardi Landi Karoline Franziska M	B9103	{8954323, 2438135}	{'Autobiography'}	{'uva.x001097675'}	{'Elisabeth', '1837-1898', 'Empress, consort of Franz Joseph I, Emperor of Austria'}	The secret of an empress		1915
Rawnsley Willingham Franklin	B7231	{6827082}	{'Biography'}	{'mdp.39015063534989'}		Early days at Uppingham under 		1904
Patterson J E John Edward	B6758	{6849770}	{'Autobiography'}	{'uc1.b3327523'}		My vagabondage  being the inti		1911
Popp Adelheid Dwoak	B6700	{3271730}		{'uc2.ark+=13960=t8v98294p'}	{'Women', 'IsBiographical', 'Germany', 'Socialism', 'Employment'}	The autobiography of a working		1912
Meynell Viola	B5362	{3196616}	{'Biography', 'Bibliographies'}	{'njp.32101066384817'}	{'Eliot, George', '1819-1880'}	George Eliot		1913
Antin Mary	B19	{8848414}	{'Autobiography'}	{'mdp.39015008221700'}	{'Russians', 'Boston', '1881-1949', 'Massachusetts', 'IsBiographical', 'Russia', 'Social life and customs', 'Antin, Mary'}	The promised land		1912
SaintRen Taillandier Madeleine Marie Louise Chevrillon	B7655	{3193056, 2485430}		{'uc2.ark+=13960=t21c21f3w'}	{'1635-1719', 'Madame de', 'IsBiographical', 'Maintenon'}	Madame de Maintenon		1922
Bunyan John	B336	{6800349}		{'loc.ark+=13960=t39z9qn4m'}	{'Christian pilgrims and pilgrimages', 'IsBiographical', 'Juvenile literature'}	The pilgrims progress by John Bunyan every child can read		1688
Goldsmith Oliver	B3442	{5006104}	{'Bibliographies', 'Novel', 'ContainsBiogMaterial'}	{'uc2.ark+=13960=t3tt4h68m'}		The vicar of Wakefield		1774
Chartres Annie Vivanti	B1752	{8958581}	{'Biography'}	{'uc2.ark+=13960=t55d8sk1h'}	"{'Soviet Union', 'Biography', 'Criminals', ""Tarnovskai????a, Mari????a Nikolaevna (O'Rourke, grafini????a)"", 'IsBiographical', 'Countess', 'Tarnowska, Marie'}"	Marie Tarnowska		1915
Holmes Oliver Wendell	B4100	{8648846, 8699414}	{'ContainsBiogMaterial'}	{'mdp.39015030745361'}		The autocrat at the breakfastt		1883
Banim John	B1165	{4692800}	{'Bibliographies', 'ContainsBiogMaterial'}	{'coo.31924006593267'}		The Boyne water		1842
Le Gallienne Richard	B4825	{6786209, 8986863}	"{'New York', ""Publishers' cloth bindings (Binding)"", 'New York (State)', 'ContainsBiogMaterial', 'England'}"	{'nyp.33433074878137'}		Young lives		1899
Nichols Mary Sargeant Gove	B6200	{8625569}	{'ContainsBiogMaterial'}	{'nyp.33433068179161'}		Mary Lyndon  or Revelations of		1855
Goldsmith Oliver	B3044	{4852194, 9447259}	{'Autobiography'}	{'nyp.33433022840940', 'uc1.l0066163270', 'uc1.$b261512', 'nyp.33433022840973', 'nyp.33433022840916', 'uva.x004454810', 'nyp.33433022840908', 'nyp.33433022840957', 'uc1.$b261513', 'nyp.33433022840965', 'nyp.33433022840981', 'nyp.33433022840890', 'mdp.39015066186407', 'nyp.33433022840932', 'nyp.33433022840882', 'nyp.33433022840924', 'uc1.$b261514'}	{'1730?-1774', 'Goldsmith, Oliver'}	The works of Oliver Goldsmith		1774
Lamb Charles	B4898	{8859500, 8980030}	{'Autobiography'}	{'uc1.b3295026', 'uc1.b3295029', 'nnc1.0037104330', 'nnc1.0038966174'}		The life and works of Charles 		1834
Haviland Maud D Maud Doria	B3469	{3184086}	{'Juvenile audience'}	{'chi.086866298'}	{'Biography', 'Animals'}	Lives of the fur folk		1910
Brontë Charlotte	B1206	{4991985, 4618505, 4337431}	{'Biography'}	{'wu.89001262906', 'wu.89001262898'}		The tenant of Wildfell hall by		1855
Suttner Bertha von	B7891	{3151595}	{'Autobiography'}	{'uva.x004215519'}		Lay down your arms the autobio		1906
Brontë Emily	B1283	{4417176}	{'ContainsBiogMaterial', 'Love stories'}	{'inu.30000094739921', 'mdp.39015011426080'}		Wuthering Heights		1848
Dickens Charles	B2456	{8526331}	{'Bibliographies', 'ContainsBiogMaterial'}	{'loc.ark+=13960=t75t4hz8p'}		Great expectations and Hard ti		1870
Hardy Thomas	B3520	{3170956}	{'Didactic fiction', 'Bibliographies', 'Novel', 'ContainsBiogMaterial', 'Love stories'}	{'uc1.32106005931792', 'mdp.39015013406494'}	{'Stonemasons', 'Death', 'Children', 'Unmarried couples', 'Adultery', 'Illegitimate children'}	Jude the obscure		1891
Gaskell Elizabeth Cleghorn	B3110	{5096961, 9089262}	{'ContainsBiogMaterial'}	{'nyp.33433074857362'}	{'English fiction'}	North and south		1855
Eliot George	B2585	{8793448, 8688126}	{'Pastoral fiction', 'Autobiography'}	{'nyp.33433076092190', 'nyp.33433076092182'}	{'1819-1880', 'social life and customs', 'England', '19th century', 'English literature', 'Social life and customs', 'Eliot, George'}	Middlemarch		1876
Defoe Daniel	B2439	{8294286}	"{'Illustrated works', 'Juvenile audience', 'Ink stamps (Provenance)', 'Adventure stories', 'Markings (Provenance)', ""Publishers' advertisements"", 'Endpapers (Binding)', 'Janson', 'Bibliographies', 'Novel', 'ContainsBiogMaterial', 'Imaginary voyages', 'Autographs (Provenance)', 'Cloth bindings (Binding)', 'Bookplates (Provenance)', 'Paper labels (Binding)', 'Juvenile literature', 'Armorial bookplates (Provenance)', 'Typefaces (Type evidence)', 'Inscriptions (Provenance)'}"	{'mdp.39015078548396'}		The life and strange surprizin		1719
