author	bookid	bpoids	genres	htrcids	subjects	title	pubdate
Maxwell W H William Hamilton	B5353	{8774312}		{'njp.32101065836353'}		The dark lady of Doona	1834
Orton Helen Fuller	B6261	{3197402}	{'Juvenile audience'}	{'mdp.39076002155484'}	{'Horses', 'Juvenile fiction', 'Farm life', 'Dogs'}	Prince and Rover of Cloverfield farm	1921
Bird Frederick Spencer	B1008	{8538998}		{'uiuo.ark+=13960=t06w9ms37', 'uiuo.ark+=13960=t4vh5t775', 'uiuo.ark+=13960=t11n8c67k'}		Stonedell Lodge	1885
Clarke A W	B1472	{6762463}		{'nnc1.1002266326'}		Jaspar Tristram  a story	1899
Hichens Robert	B4017	{3180354}	{'Novel'}	{'mdp.49015002772011'}		The garden of Allah	1904
Barber Margaret Fairless	B438	{6808135}		{'mdp.39015063914835'}		The grey brethren and other fragments in prose and verse	1901
Scott Walter Sir	B7611	{9040671}	{'Bibliographies', 'Novel'}	{'uc1.b3331970', 'uc1.b3331971'}	{'France', 'Charles II, 1660-1685', 'Louis XI, 1461-1483', 'Great Britain', 'History'}	Peveril of the peak	1823
Jenkin C Camilla	B4289	{9469373}	{'Juvenile audience'}	{'nyp.33433074867122'}	{'English fiction'}	Skirmishing	1863
Cooper James Fenimore	B1403	{8980812}		{'mdp.39015063548153'}		The Jack olantern Le Feufollet or The privateer	1843
Ewing Juliana Horatia Gatty	B2588	{8527240}	{'Juvenile audience'}	{'nyp.33433082533807'}	"{""Children's stories, English""}"	A great emergency and other ta	1885
Nason Frank Lewis	B6141	{8878612}		{'uc1.b3326185'}		The Blue Goose	1903
Eccott W J	B2600	{3201290}		{'uc2.ark+=13960=t28913n40'}		The mercenary	1913
Sangster Margaret Elizabeth Munson	B7723	{8864697}		{'uc2.ark+=13960=t72v2cv3x'}		Janet Ward	1902
Bates Arlo	B414	{8854717}		{'mdp.39015062258986'}		A wheel of fire	1889
Fuller Anna	B2940	{6770460}		{'mdp.39015048960523'}		Pratt portraits sketched in a 	1897
Campbell J F John Francis	B1655	{4350456, 4357873, 5022618, 8536659, 9445873}		{'uc1.$b296662'}	{'Translations into English', 'Highlands', 'Scottish Gaelic literature', 'Scotland', 'English literature', 'Translations from Gaelic', 'Tales, Gaelic', 'Folklore'}	Popular tales of the west High	1860
Schwacofer Mary A	B7870	{6851661}	{'Juvenile literature', 'Juvenile audience', 'Imaginary voyages'}	{'mdp.39015078556399'}		The life and adventures of Rob	1908
Benson E F Edward Frederick	B613	{8904892, 6836559}		{'nyp.33433074926720'}		Account rendered	1911
McCutcheon George Barr	B5762	{8877179}		{'uc2.ark+=13960=t5p847f68'}		Castle Craneycrow	1902
Glasgow Ellen Anderson Gholson	B3004	{8955524}		{'mdp.39015003940882'}		The miller of Old Church	1911
Home George	B4105	{4702381}		{'hvd.hw21b8'}		Memoirs of an aristocrat and r	1838
Pullen Henry William	B6635	{2716209}		{'uc2.ark+=13960=t00z74c34'}		The fight at Dame Europas scho	1871
Gaskell Elizabeth Cleghorn	B2967	{4373322}	{'Novel', 'Bibliographies', 'Bildungsromane', 'Domestic fiction', 'Love stories'}	{'dul1.ark+=13960=t5r792w66', 'dul1.ark+=13960=t6d22nv15', 'pst.000028738046'}	{'Women', 'Binder', 'Fiction in English, 1837-1900 Texts', 'England', 'Young women', 'Bayntun', 'Social life and customs', 'Fathers and daughters', 'Social conditions', 'Children of physicians', 'Stepfamilies'}	Wives and daughters	1865
Arami	B213	{6194487}		{'uiuo.ark+=13960=t5db8b07w', 'uiuo.ark+=13960=t6qz2ht7q'}		Cathal More or selflove and se	1852
Verne Jules	B8422	{8528816}		{'nyp.33433075842546'}		Michael Strogoff the courier o	1891
Goldschmidt Meïr	B3453	{4845559}		{'njp.32101061919559', 'njp.32101061919542', 'njp.32101061919567'}		Jacob Bendixen the Jew adapted	1852
Sterne Laurence	B7340	{6244581}	{'Typefaces (Type evidence)', 'Limitation statements (Publishing)', 'Baskerville'}	{'mdp.39015011482679'}	{'Social life and customs', 'Sterne, Laurence', '1713-1768'}	A sentimental journey	1768
Ward Wilfrid Mrs	B8822	{3198399}		{'uc2.ark+=13960=t8qb9x81m'}		Horace Blake	1913
Benson E F Edward Frederick	B356	{9042717, 6824637}		{'mdp.39015012076645'}		The house of defence	1906
Marryat Frederick	B5678	{6107380}		{'uc2.ark+=13960=t29887w0g', 'uc2.ark+=13960=t6ww7df79', 'uc2.ark+=13960=t17m08s21'}	{'English fiction'}	The kings own	1830
Beauclerk Caroline Frederica	B582	{8781385, 4696693}		{'nyp.33433074833041'}	{'American fiction'}	Tales of fashion and reality	1836
Hichens Robert Robert Smythe	B4161	{9074777, 6846798}		{'coo.31924064995487', 'coo.31924013625797'}		The fruitful vine a novel	1911
Antrobus Suzanne	B156	{9282261}		{'uc2.ark+=13960=t3mw2b12g'}		The Kings messenger	1902
Burns Robert	B1151	{4704411, 5838228, 5805795}		{'hvd.hwj9y3'}		The prose works of Robert Burn	1796
Defoe Daniel	B2210	{4985326}		{'nyp.33433074909908'}	{'English fiction'}	The novels and miscellaneous works of Daniel De Foe 	1731
Schefer Leopold	B7917	{9153883}		{'mdp.39015018060106'}		The artists married life  bein	1848
Holland J G Josiah Gilbert	B4169	{8650109}		{'uc1.$b809229'}		Miss Gilberts career  an Ameri	1860
Ainsworth William Harrison	B124	{3153973}	{'Bibliographies'}	{'uc1.$b567299', 'uc1.$b567300'}	{'1537-1554', 'Grey, Jane', 'Lady'}	The Tower of London	1882
Glyn Elinor	B3358	{9012167}	{'Love stories'}	{'nyp.33433074864533'}		Beyond the rocks a love story	1906
Lagerlöf Selma	B4719	{6756032, 8978625, 6810707, 3171046}	{'Bibliographies'}	{'mdp.39015005188720', 'mdp.39015005190114'}		Gösta Berlings saga	1918
Young Francis Brett	B9000	{2455859}		{'mdp.39015030113719'}		My brother Jonathan	1928
Braddon M E Mary Elizabeth	B331	{9447034}		{'inu.39000002550999', 'inu.39000002551005', 'inu.39000002551013'}		The doctors wife	1864
Blake Margaret	B718	{9091109}		{'nyp.33433076044100'}		Matthew Ferguson	1914
Dixon Thomas	B2499	{3227700}		{'uva.x000467527'}		The leopards spots  a romance 	1902
Hart Joseph C	B4112	{8210416, 4709084}		{'mdp.39015063870144', 'mdp.39015068351090'}		Miriam Coffin  or The whalefis	1835
Leon Derrick	B4749	{3248779}		{'mdp.39015063921277'}		Livingstones	1933
Bell J J John Joy	B477	{9050594}		{'njp.32101064787433'}		A kingdom of dreams	1911
Saint Leger Savile Randolph Evelyn	B7516	{6813458}		{'nyp.33433075873509'}		The shape of the world	1912
Galsworthy John	B2993	{6842268, 8892862}		{'mdp.39015003681775'}		The silver spoon	1926
Caine Hall Sir	B1880	{6724682}		{'wu.89090340506'}		The deemster A romance of the Isle of Man	1887
Rowcroft Charles	B7250	{4702248, 4445474}		{'uiuo.ark+=13960=t3805qj0v', 'uiuo.ark+=13960=t43r1gv75', 'uiuo.ark+=13960=t5fb5pp94'}		Tales of the colonies or The a	1843
Trollope Anthony	B8289	{8517588, 8693422}		{'mdp.39015005863082', 'mdp.39015002619719'}		The Eustace diamonds by Anthon	1882
Phillpotts Eden	B6746	{3212743}		{'wu.89007383862'}		The flint heart a fairy story	1910
Doyle Arthur Conan Sir	B2296	{8849216}	"{""Publishers' advertisements""}"	{'mdp.39015019999278', 'uc1.b3578479'}		The tragedy of the Korosko The	1898
James Henry	B4473	{6649418}		{'uc1.b3339604'}		d ser A passionate pilgrim Ros	1885
Ross Albert	B7049	{6806782}		{'uc2.ark+=13960=t0gt5gp3h'}		A sugar princess	1900
Chambers Robert W Robert William	B1768	{9323046}		{'uc2.ark+=13960=t6b27qm90'}		The green mouse	1910
Dawson Warrington	B2441	{9441317, 6822295}		{'nyp.33433043877517', 'nyp.33433081638284'}		The scar	1906
Scott Walter Sir	B7679	{4981940}		{'uc2.ark+=13960=t43r0tc3q'}		Readings for the young	1832
Trowbridge J T John Townsend	B8064	{9431027, 8780910}	{'Historical fiction', 'Juvenile audience', 'Bibliographies', 'War stories'}	{'nc01.ark+=13960=t0ns17x5d'}	{'Abolitionists', 'Quakers', 'Unionists (United States Civil War)', 'Fugitive slaves', 'Civil War, 1861-1865', 'History'}	Cudjos cave	1863
Lewis John Delaware	B4948	{8489887}		{'uc2.ark+=13960=t2t43xh63'}		Sketches of Cantabs	1849
Holmes Oliver Wendell	B3640	{8801480}		{'nnc1.cu11710233', 'nnc1.cu11710497', 'nnc1.cu11710500', 'nnc1.cu11710250'}		The writings of Oliver Wendell Holmes in thirteen volumes	1891
Sienkiewicz Henryk	B7858	{8848985}		{'uc1.b4795729', 'uc1.b4795728'}		The deluge  an historical nove	1891
Reid Mayne	B7158	{9431589, 2877966}		{'uiuo.ark+=13960=t80k3088f', 'uiuo.ark+=13960=t2c82x47m', 'uiuo.ark+=13960=t95721n6t'}	"{""Children's stories, English""}"	Lost Lenore or The adventures of a rolling stone	1864
Challice Annie Emma	B1963	{8628033, 5009459}		{'njp.32101063605404', 'njp.32101063605396'}		The Sister of Charity or From 	1857
Bunyan John	B1143	{4854447}		{'loc.ark+=13960=t1bk1w50d'}		Young peoples Pilgrims progres	1688
pseud Richardson Henry Handel	B9137	{6839471, 9325199}		{'mdp.39015002715061'}		The getting of wisdom	1910
Strickland Jane Margaret	B7498	{8733381}		{'nyp.33433075753685'}	{'English fiction', 'Jews'}	Adonijah  a tale of the Jewish dispersion	1856
Holland J G Josiah Gilbert	B3793	{8650109}		{'uc1.$b809229'}		Miss Gilberts career  an American story	1860
Steiner Edward Alfred	B7846	{3244242}		{'uc2.ark+=13960=t2s46hh5g'}		The mediator	1907
Bamford Samuel	B734	{8910572}		{'pst.000023974616'}		Passages in the life of a radical and Early days	1872
Hogg James	B3694	{5172822}		{'nyp.33433074868179', 'nyp.33433074868161'}	{'Scottish authors', 'English fiction'}	The three perils of woman or Love leasing and jealousy A series of domestic Scottish tales	1823
Raymond Walter	B6990	{3257501}		{'nyp.33433075872204'}		Tryphena in love	1895
Kingston William Henry Giles	B4675	{9026669}		{'njp.32101068972189'}		Peter the whaler his early lif	1863
Harte Bret	B4097	{3226523}		{'uva.x000990761'}		On the frontier	1884
Coolidge Susan	B1934	{3193058, 9049699}		{'njp.32101067187813'}		What Katy did next	1887
Braddon M E Mary Elizabeth	B871	{8866208}		{'uc2.ark+=13960=t23b64014'}		The infidel	1900
Jenkins Edward	B4341	{6655240}		{'uc2.ark+=13960=t0ks6kg4h'}	{'Alcoholism'}	The devils chain	1876
Sinclair May	B7750	{3183191}		{'uc2.ark+=13960=t9c53zs7t'}		The divine fire	1904
L E L Letitia Elizabeth Landon	B4744	{4699724, 8886566}		{'mdp.39015063558020', 'mdp.39015063558038'}	{'823L236E'}	Ethel Churchill or The two brides	1837
Garland Hamlin	B3389	{3219056}		{'mdp.39015003700278'}		Trailmakers of the middle bord	1926
Austen Jane	B125	{2447096}		{'uc1.$b685839'}		The Watsons	1817
Caine Hall Sir	B1941	{6724682}		{'mdp.39015063913662', 'mdp.39015063913647'}		The deemster  a romance	1887
Kingsley Henry	B4671	{8597134}		{'njp.32101068971942'}		Old Margaret a novel	1872
Dowie Ménie Muriel	B2513	{6610060}		{'wu.89098856438'}		A girl in the Karpathians	1891
MacCarthy Daniel	B5586	{4708032}		{'uc1.$b250598', 'uc1.$b250599'}	{'Massaniello', '1620-1647'}	Massaniello	1842
Grant James	B3127	{8676479}		{'nyp.33433074864384'}	{'Scottish authors', 'English fiction'}	The secret dispatch or The adventure of Captain Balgonie	1872
Hogg James	B4149	{5172822}		{'uc1.$b392126'}		The three perils of man war wo	1835
Jewsbury Geraldine Endsor	B4396	{5901188}		{'wu.89017654575', 'wu.89017654567'}		Constance Herbert	1855
Harben Will N William Nathaniel	B3627	{8884153, 6834542, 3171943}		{'njp.32101068178944'}		The substitute	1903
Barrie J M James Matthew	B385	{6429587}		{'mdp.39015030853801'}		Auld licht idylls	1895
Sterndale Robert Armitage	B7384	{8725978}		{'mdp.39015059433204'}	{'India', 'Hunting'}	Seonee or Camp life on the Satpura Range a tale of Indian adventure	1877
Smith Horace	B7834	{4412687}		{'uva.x030808983'}		The moneyed man	1843
Brontë Emily	B1284	{4417176}	{'Bibliographies'}	{'mdp.39015066049357'}		Wuthering Heights an authorita	1848
Monro Theodore Russell	B5822	{8822015}		{'uiuo.ark+=13960=t9d516881', 'uiuo.ark+=13960=t8v98q09x', 'uiuo.ark+=13960=t0ks77w06'}		County versus counter	1878
Trollope Anthony	B8148	{2715912}	{'NotBiographical', 'Bibliographies'}	{'uc1.$b441023'}	{'Fathers and daughters', 'Inheritance and succession'}	Sir Harry Hotspur of Humblethwaite	1871
Porter Jane	B6498	{4699714, 8259815}		{'njp.32101064790106'}	{'English fiction'}	Sir Edward Sewards narrative of his shipwreck and consequent discovery of certain islands in the Caribbean sea with a detail of many extraordinary and highly interesting events in his life from the year 1733 to 1749 as written in his own diary	1831
Parnell William	B6678	{8202683}		{'uc2.ark+=13960=t6348k40m'}		Maurice and Berghetta	1820
Sinclair May	B7510	{2441754, 3215901}		{'nyp.33433075765267'}		Mr Waddington of Wyck	1921
Baronne d Oberkirch Henriette Louise von Waldner	B1211	{9006631, 4993606, 9452735}		{'njp.32101073593145'}		Memoirs of the Baroness dOberk	1803
Warner Anna Bartlett	B8555	{8730830}		{'njp.32101064752890'}		My brothers keeper	1855
Le Gallienne Richard	B4991	{6739392}		{'uc2.ark+=13960=t81j9b09q'}		October vagabonds	1910
Farrar F W Frederic William	B2925	{8926623}		{'uc2.ark+=13960=t8z895c4s'}		Darkness and dawn	1891
Housman Laurence	B3539	{2483149}		{'mdp.39015031236725'}		Ironical tales	1927
Al Arawiyah	B117	{6429128}		{'uc1.$b252293'}		Tales of the caliph	1887
Phillips Ray Ellis	B6617	{3211532}		{'uc1.31158012994280'}		The white feather	1917
Whiting Sydney	B8715	{8670027}		{'uc1.b3327447', 'uc1.b3327446'}		The romance of a garret  a tale of London life	1867
Gregory Lady	B3009	{8881617, 6682625}		{'mdp.39015005120988'}	{'Epic literature, Irish', 'Tuatha de Danann', 'Tuatha de Danaan'}	Gods and fighting men the story of the Tuatha de Danaan and of the Fianna of Ireland	1904
Crawfurd Oswald	B1497	{3270110}		{'nyp.33433074817358'}		The revelations of Inspector M	1907
Montague C E Charles Edward	B6044	{2449745}		{'mdp.39015063025392'}		Rough justice a novel	1926
Church Alfred John	B1809	{8617147}		{'uc2.ark+=13960=t92807p2g'}		Stories from Homer	1878
McKenna Stephen	B5304	{3214226}		{'mdp.39015059414733'}		The shadow of Guy Denver	1929
Merriman Henry Seton	B5690	{6668946, 6799310, 8841318}		{'uc2.ark+=13960=t1ng4vx0r'}		The velvet glove	1901
Brooks Shirley	B796	{8621181}		{'uc1.b3321954', 'uc1.b3321953', 'uc1.b3321955'}		Aspen court a story of our own	1855
Brydges Egerton Sir	B647	{8208144}		{'nyp.33433074931183'}		Sir Ralph Willoughby an historical tale of the sixteenth century In which are inserted the dedicatory sonnets of Edmund Spenser with sketches of character	1820
Crockett S R Samuel Rutherford	B1405	{3183293}		{'mdp.39015063548740'}		The loves of Miss Anne	1904
Voynich E L Ethel Lillian	B8357	{6786899, 3272603, 6764053, 8877062}		{'mdp.39015063963139'}		Jack Raymond	1901
Trollope Frank	B8270	{8589370}		{'uc1.b3325102', 'uc1.b3325101'}		The lawyers daughter  a novel	1878
Bojer Johan	B1050	{8902161}		{'uiuo.ark+=13960=t7fq9th7f'}		The power of a lie	1908
Black William	B1237	{8673696, 8502457, 4384134}		{'njp.32101066164987'}		In silk attire	1891
Bury Charlotte Campbell Lady	B328	{5217475}		{'inu.32000004516292'}		The disinherited and The ensna	1837
Edmond Amanda M Corey	B2563	{6146378, 4448540, 4700727}	{'Juvenile audience'}	{'njp.32101063603946'}		Forget me not a gift for Sabbath school children	1852
Watson H B Marriott	B8776	{9299904, 6684391}		{'uc2.ark+=13960=t3028r67h'}		The privateers	1907
Howitt Mary Botham	B3949	{6108927}		{'uc2.ark+=13960=t8gf0nw0b'}		Tales in prose	1839
Cameron H Lovett Mrs	B1516	{8801765}		{'nyp.33433074934724'}	{'English fiction'}	Two cousins and a castle a nov	1901
Legge Ronald	B4826	{8903671}		{'nyp.33433074878194'}		The admirable Davis	1909
Morris William	B5364	{6709241}	{'Bibliographies'}	{'njp.32101068155330'}		The roots of the mountains  wherein is told somewhat of the lives of the men of Burgdale their friends their neighbours their foemen and their fellows in arms	1890
Fox John	B2942	{6841384, 6812145, 8867842}		{'nyp.33433076091184'}		A mountain Europa A Cumberland	1909
Vachell Horace Annesley	B8369	{3169556}		{'nyp.33433075762215', 'uc2.ark+=13960=t1fj2n09k'}	{'English fiction'}	John Charity	1907
Gray Maxwell	B3320	{3184077}		{'uiuo.ark+=13960=t79s2dt4v', 'uiuo.ark+=13960=t3gx4zs4m', 'uiuo.ark+=13960=t72v36j8m'}		The silence of Dean Maitland	1886
Skinner Thomas	B7851	{8913823}		{'hvd.32044019516566'}		Adventures during a journey ov	1836
Colmore G Gertrude	B1747	{3174547, 6860951}		{'uc2.ark+=13960=t4sj1cj2m'}		Priests of progress	1908
Hough Emerson	B4011	{3183386, 6784571, 6814468}		{'nyp.33433076064876'}		The Mississippi bubble  how th	1902
Spenser Edmund	B7883	{6755094}		{'mdp.39015008844709'}		The faerie queene	1599
Sala George Augustus	B7564	{9447202, 4368327}		{'uiuo.ark+=13960=t81k01p0j', 'uc1.$b250369', 'uiuo.ark+=13960=t3611nv3q'}		Quite alone	1864
Leland Charles Godfrey	B5072	{8751522}	{'Bibliographies'}	{'nyp.33433081750147'}		The Algonquin legends of New E	1884
Jepson Edgar	B4288	{9043758}		{'nyp.33433074865787'}		The four philanthropists	1907
Brown Alice	B421	{3167496, 6830955}		{'mdp.39015063525060'}		Kings End	1901
Manning Anne	B5799	{9458108}		{'uc2.ark+=13960=t8pc33119'}		The duchess of Trajetto	1863
Hay Mary Cecil	B3664	{8616447}		{'nyp.33433074853221'}	{'English fiction'}	The squires legacy  a novel	1876
Jerrold Douglas William	B4460	{6671184}		{'nyp.33433074915491'}		The barbers chair and the hedg	1857
White Percy	B8435	{3184353}		{'coo.31924013237825'}		An averted marriage and other 	1910
Edmond Amanda M Corey	B2649	{6146378, 4448540, 4700727}	{'Juvenile audience'}	{'njp.32101063603946'}		Forget me not a gift for Sabba	1852
Weill Alexandre	B8502	{9008092}		{'mdp.39015029915421'}		Village tales from Alsatia	1848
Lang Andrew	B4791	{6815998}	{'Juvenile audience'}	{'nyp.33433068184583'}		Tales of Troy and Greece	1907
Conrad Joseph	B1632	{2444888, 8919362, 3226615}	{'Spy stories'}	{'uc2.ark+=13960=t24b3010m', 'pst.000001501247'}	{'Moles (spies)'}	The secret agent	1907
Forbes George	B2730	{6836067}	{'Juvenile audience'}	{'nyp.33433070223056'}	{'Philosophy'}	Puppets  a workaday philosophy	1911
Lamb Charles	B5145	{4965633, 8683175}		{'hvd.hwkdav'}		Famous stories from Shakespear	1834
Harris Joel Chandler	B4059	{8822905}		{'nc01.ark+=13960=t5x64k09h'}		Uncle Remus and the little boy	1908
Fielding Henry	B2903	{8719283}		{'uc1.b4713568'}		Select works of Henry Fielding	1754
Castle Agnes	B1539	{3189697}		{'nyp.33433074941794'}		The hope of the house	1915
Bailey H C Henry Christopher	B1073	{9022753}		{'wu.89004545976'}		Rimingtons	1904
Norris W E William Edward	B6121	{8950411, 6840061}		{'nyp.33433074964366'}		Vittoria Victrix	1911
Allen James Lane	B128	{3198721, 6856684}		{'uc1.b3322221'}		The heroine in bronze  or A portrait of a girl  a pastoral of the city	1912
Bagot Richard	B297	{3197852}		{'coo.31924060446915', 'coo.31924013209964'}		Darneley place	1913
Jacks L P Lawrence Pearsall	B4243	{2433944}		{'mdp.39015059371602'}		Among the idolmakers	1912
De la Roche Mazo	B2292	{3225081}		{'uc1.b3346546'}		Explorers of the dawn	1922
Bunyan John	B526	{3203026, 4988323, 6800349, 6830710, 4854447}	{'Bibliographies'}	{'njp.32101068596012'}	{'Juvenile fiction', 'Christian pilgrims and pilgrimages'}	The pilgrims progress	1688
Johnstone Charles	B4407	{6752459}		{'mdp.39015012361187', 'mdp.39015012361922'}		The history of Arsaces prince 	1774
Birmingham George A	B440	{9379846}		{'mdp.39015063918968'}		Minnies bishop and other stories of Ireland	1915
Oliphant Laurence	B6380	{8748464, 6717463}		{'mdp.39015063946845'}		Altiora Peto a novel	1883
Maginn William	B5611	{8803940}		{'uc1.b3325530', 'uc2.ark+=13960=t2z31td8m'}		John Manesty the Liverpool mer	1842
Sherwood Margaret Pollock	B7610	{8986858}		{'uc1.b3327423'}		Henry Worthington idealist	1899
Oliphant	B6366	{8626521}		{'uiuo.ark+=13960=t9w09n469', 'uiuo.ark+=13960=t5z613f1v', 'uiuo.ark+=13960=t42r4dd8t'}		Lilliesleaf being a concluding series of Passages in the life of Mrs Margaret Maitland of Sunnyside	1855
Goldsmith Oliver	B3443	{5006104}		{'hvd.hw2fd8'}		The vicar of Wakefield  with c	1774
Tayler Charles B Charles Benjamin	B8127	{6139658, 4712414}		{'nyp.33433075768980'}	{'English fiction'}	Social evils and their remedy	1834
Hamilton Cosmo	B3610	{8945648, 6834014}		{'njp.32101067301109'}	{'English fiction'}	The infinite capacity  the story of a genius	1910
Arthur T S Timothy Shay	B281	{4453630}		{'uc2.ark+=13960=t5m90350b'}		Debtor and creditor	1855
McCall Sidney	B5779	{8888729}		{'uc2.ark+=13960=t70v8ck30'}		Truth Dexter	1906
Bremer Fredrika	B1132	{9408119}		{'njp.32101065643338'}		Brothers and sisters A tale of	1848
Trollope Anthony	B8053	{8776421}		{'mdp.39015065597547'}		The vicar of Bullhampton	1870
Stevenson Robert Louis	B7890	{9213546}		{'hvd.hwe7pl', 'mdp.49015002152156'}		St Ives being the adventures o	1891
Livermore Elizabeth D	B5062	{9110234}		{'nyp.33433076074552', 'nyp.33433076074545'}		Zoë or The quadroons triumph 	1855
Clarke Marcus Andrew Hislop	B2085	{8617582}		{'njp.32101066456789'}		His natural life A novel	1876
Le Sage Alain René	B5052	{5177496, 8285114}		{'uc1.b3312689', 'mdp.39015033408728'}		The history and adventures of 	1716
